transaction_id,total_btc,mean_in_btc,mean_out_btc,is_fraud
2,0.6,0.5333333333333333,0.8,1
5,0.5,0.3999999999999999,0.8,1
3,0.0,0.0,0.0,0
4,1.0,1.0,1.0,0
1,0.25,0.1999999999999999,0.4,0
