transaction_id,total_btc,mean_in_btc,mean_out_btc,is_fraud
1,0.25,0.19999999999999998,0.4,0
2,0.6,0.5333333333333333,0.8,1
3,0.0,0.0,0.0,0
4,1.0,1.0,1.0,0
5,0.5,0.39999999999999997,0.8,1
